ראלי ספרינט
מרוץ 2 עונת 2014 - מצפה רמון - 26-12-2014
2X4
מקום,מספר,שם,מקצה 3,מקצה 4,זמן,פער
1,9,אלון חליווה,3:56.762,3:56.048,3:56.048,
2,8,דב וורנר,4:17.297,4:15.767,4:15.767,19.719
N
מקום,מספר,שם,מקצה 3,מקצה 4,זמן,פער
1,5,רמי שחטוביץ,3:45.357,3:53.396,3:45.357,
2,7,ג'קי זית,4:02.442,4:38.699,4:02.442,17.085
RZR
מקום,מספר,שם,מקצה 3,מקצה 4,זמן,פער
1,11,עומר פרל,3:33.525,3:33.654,3:33.525,
2,2,שחף מזרחי,3:33.856,3:40.489,3:33.856,0.331
3,1,דני פרל,3:40.400,3:37.277,3:37.277,3.752
4,12,אבישי חסידי,3:53.619,3:51.229,3:51.229,17.704
