גמר 125
מקום,מספר,שם,תת קטגוריה,הקפות,זמן,פער,הקפה מהירה,עונשין
1,20,מיכאל שרלינג,,26,16:32.615,,32.766,
2,65,אור הירבי,,25,14:26.604,1 הקפה,32.935,
3,71,חן שריקי,,24,14:17.055,2 הקפות,33.485,
4,813,אלון איבשין,,24,14:18.850,2 הקפות,33.907,
5,7,עוזי ירוחם,,24,14:20.877,2 הקפות,33.976,
6,811,איגור מויזס,,23,14:36.126,3 הקפות,34.382,
7,81,ניר גלוסקין,,13,8:01.744,13 הקפות,33.456,
8,16,מאיר טל,,3,2:23.362,23 הקפות,34.919,
9,176,סופי גולן,Juniors,1,14:33.252,25 הקפות,33.501,24 הקפות
10,44,רועי מיוחס,,1,14:36.342,25 הקפות,32.930,24 הקפות
11,10,גיא אמודי,DD2,,14:24.001,26 הקפות,32.343,25 הקפות
הקפה מהירה: (10) גיא אמודי - 32.343
גמר ימאהה
מקום,מספר,שם,הקפות,זמן,פער,הקפה מהירה
1,17,דוד אלכסנדרוב,25,15:03.450,,34.816
2,11,מרט מליס,24,14:48.821,1 הקפה,35.944
הקפה מהירה: (17) דוד אלכסנדרוב - 34.816
גמר 60
מקום,מספר,שם,הקפות,זמן,פער,הקפה מהירה,עונשין
1,25,אלון גבאי,15,9:21.348,,36.336,
2,14,רני דוד,15,9:22.107,0.759,36.166,1.000
הקפה מהירה: (14) רני דוד - 36.166
