E1
מקום,מספר,שם,הקפות,הקפה מהירה,זמן,פער
1,25,תומר שמש,10,12:38.941,2:11:20.310,-
2,88,דן מיה,9,12:45.104,2:03:35.708,1 הקפה
3,61,רון קדשאי,9,13:05.014,2:03:44.331,1 הקפה
4,94,בר נוב,9,13:25.414,2:11:11.409,1 הקפה
5,355,נועם דדון,9,13:53.126,2:13:09.096,1 הקפה
6,47,סוף סלע,8,13:53.508,2:02:59.593,2 הקפות
7,146,רוני רגף,7,14:57.026,2:00:00.479,3 הקפות
8,39,שחף מגל,7,16:41.423,2:07:32.635,3 הקפות
9,222,אריאל דדיה,2,1:31:26.268,2:01:59.617,8 הקפות
הקפה מהירה: (25) תומר שמש - 12:38.941
E2
מקום,מספר,שם,הקפות,הקפה מהירה,זמן,פער
1,5,זיו כרמי,10,12:51.147,2:12:43.979,-
2,22,יוני לוי,9,12:41.927,2:00:53.285,1 הקפה
3,8,נמרוד חמו,9,13:03.517,2:01:16.966,1 הקפה
4,4,דרור כהן,9,12:55.935,2:08:29.313,1 הקפה
5,84,סער יעקב,9,12:46.411,2:08:36.111,1 הקפה
6,6,ירון יעקובוביץ,8,14:21.610,2:02:55.520,2 הקפות
7,49,שגיב נגרקר,7,15:26.210,2:00:02.272,3 הקפות
הקפה מהירה: (22) יוני לוי - 12:41.927
E3
מקום,מספר,שם,הקפות,הקפה מהירה,זמן,פער
1,2,טל אייזנבנד,9,13:15.309,2:04:20.448,-
2,3,גיל קינן,9,13:34.664,2:08:27.026,4:06.578
3,9,צחי בן גיגי,9,14:39.419,2:14:30.697,10:10.249
4,217,מוש כהן,8,14:38.875,2:03:55.028,1 הקפה
5,30,אורי גרינשטיין,8,14:42.643,2:04:04.533,1 הקפה
6,85,חיים פרנסי,7,15:07.705,2:00:33.963,2 הקפות
לא התחיל - DNS
,102,אליקו אוחנה,,-,-,-
הקפה מהירה: (2) טל אייזנבנד - 13:15.309
C1
מקום,מספר,שם,הקפות,הקפה מהירה,זמן,פער
1,212,אמיר ויצמן,6,14:27.979,1:32:38.946,-
2,95,גל יעקב,6,15:17.254,1:37:56.991,5:18.045
3,800,דניאל ליטווק,6,15:11.395,1:40:45.840,8:06.894
4,20,גיא אוחנה,5,16:37.632,1:30:21.490,1 הקפה
5,444,טל מאיה,5,16:26.944,1:32:52.603,1 הקפה
6,45,שי אביגדור,5,16:59.266,1:40:10.146,1 הקפה
7,253,נועם שלו,4,16:40.721,1:31:24.837,2 הקפות
8,602,רועי רן,4,23:47.678,1:50:09.309,2 הקפות
לא סיים - DNF
,505,אלעד גבאי,4,17:45.033,1:22:18.679,2 הקפות
,44,מעין סבי,2,17:20.523,35:37.733,4 הקפות
הקפה מהירה: (212) אמיר ויצמן - 14:27.979
C2
מקום,מספר,שם,הקפות,הקפה מהירה,זמן,פער
1,515,תומר ברבי,7,13:56.774,1:42:34.471,-
2,103,ברק פולקמר,6,15:15.945,1:39:29.683,1 הקפה
3,123,גיל לוי,6,15:31.238,1:40:40.864,1 הקפה
4,304,אסף ויסבקר,6,15:06.251,1:41:30.305,1 הקפה
5,818,ירון יוליסבורגר,6,15:27.938,1:42:57.401,1 הקפה
6,201,קובי סרויה,5,16:47.309,1:30:36.794,2 הקפות
7,315,דודי דדון,5,15:53.603,1:32:34.978,2 הקפות
8,65,רפאל קבסה,5,16:02.080,1:33:46.466,2 הקפות
9,42,אסף שטרית,5,16:59.731,1:34:03.717,2 הקפות
10,104,טדי הרוש,5,17:25.438,1:36:12.002,2 הקפות
11,101,ניר דוד,5,17:28.594,1:40:44.295,2 הקפות
12,530,אסף אביטל,5,18:31.015,1:45:56.664,2 הקפות
13,169,עידו קליין,4,21:04.791,1:34:39.908,3 הקפות
14,229,אהוד אביטבול,4,18:33.618,1:39:44.100,3 הקפות
15,230,עידו גביש,3,27:06.903,1:34:55.562,4 הקפות
לא סיים - DNF
,508,ערן אדיר,1,-,21:36.810,6 הקפות
,70,אלירן סבג,1,-,22:13.760,6 הקפות
,82,אלן זעירא,1,-,1:15:10.974,6 הקפות
הקפה מהירה: (515) תומר ברבי - 13:56.774
C3
מקום,מספר,שם,הקפות,הקפה מהירה,זמן,פער
1,518,קובי חמד,7,13:55.418,1:42:29.248,-
2,517,שלומי אסרף,6,14:55.259,1:33:53.804,1 הקפה
3,111,יוסי גוטמן,6,14:56.097,1:35:08.213,1 הקפה
4,117,חביאר אלחנדרו,6,15:02.710,1:35:23.133,1 הקפה
5,175,ניצן בן שטרית,6,14:44.815,1:36:03.544,1 הקפה
6,79,עמית שטרן,6,15:21.071,1:39:07.350,1 הקפה
7,64,תאמר כנען,6,15:56.565,1:42:54.808,1 הקפה
8,512,שרון נגר,6,15:03.477,1:43:14.528,1 הקפה
9,300,מיכאל בנדרסקי,6,16:13.169,1:43:32.810,1 הקפה
10,63,מושיקו טהר,5,16:55.045,1:32:46.418,2 הקפות
11,26,שי בר זאב,5,17:50.156,1:33:06.873,2 הקפות
12,669,שי מילר,5,16:48.654,1:37:44.695,2 הקפות
13,14,ירון לוגסי,4,15:18.722,1:52:37.577,3 הקפות
לא סיים - DNF
,89,ישראל בוזגלו,3,18:48.528,1:02:30.503,4 הקפות
הקפה מהירה: (518) קובי חמד - 13:55.418
ג'וניורס
מקום,מספר,שם,הקפות,הקפה מהירה,זמן,פער
1,33,גיל זרקו,4,15:49.222,1:08:49.595,-
2,21,יהב פייגין,4,16:05.089,1:10:38.541,1:48.946
3,108,שי ספקטור,2,40:58.099,1:03:12.268,2 הקפות
הקפה מהירה: (33) גיל זרקו - 15:49.222
מתחילים
מקום,מספר,שם,הקפות,הקפה מהירה,זמן,פער
1,90,משה אלקיים,4,17:12.408,1:15:30.193,-
2,700,יוסי בן שטרית,4,16:45.424,1:15:37.828,7.635
3,1,איתי מילמן,4,16:41.428,1:16:13.147,42.954
4,531,אושרי פלח,4,16:19.044,1:17:31.081,2:00.888
5,13,ניר עונה,3,17:51.092,1:00:09.043,1 הקפה
6,509,דובי הלל,3,18:14.035,1:04:11.233,1 הקפה
7,305,איציק סויסה,3,18:44.581,1:04:38.104,1 הקפה
8,50,איתן יואל,3,18:52.446,1:05:53.414,1 הקפה
9,600,הוד מעודה,3,17:53.817,1:06:34.625,1 הקפה
10,912,אלירן ברכה,3,19:02.512,1:06:35.199,1 הקפה
11,314,איתמר לוי,3,19:01.589,1:06:37.507,1 הקפה
12,114,ליאור עוזיאל,3,19:03.070,1:07:29.581,1 הקפה
13,102,אודי ברוך,3,19:43.509,1:10:18.853,1 הקפה
14,150,שלו בן עמי,3,19:50.563,1:14:44.965,1 הקפה
15,213,ראובן גולן,3,21:26.713,1:16:00.263,1 הקפה
16,507,חי עילאי יבלונוביץ,3,20:50.570,1:17:06.719,1 הקפה
17,722,אייל רחימה,3,22:10.504,1:18:24.172,1 הקפה
18,313,נריה בן דור,3,20:57.946,1:19:58.867,1 הקפה
19,500,עוזיאל הלל,3,22:12.703,1:20:18.645,1 הקפה
20,911,דורון הלל,3,23:23.402,1:20:44.958,1 הקפה
21,511,נאור אליאס,3,25:31.097,1:21:57.723,1 הקפה
22,221,אור ברמן,3,22:54.467,1:27:54.945,1 הקפה
23,81,מרדכי שלומי,2,23:49.420,1:03:01.820,2 הקפות
24,196,אלון דעוס,2,30:38.545,1:03:18.212,2 הקפות
25,510,אבטליון כהן,2,30:58.862,1:05:13.885,2 הקפות
26,41,עידו ברקאי,2,19:48.626,1:07:09.263,2 הקפות
27,244,דור סלע,2,32:28.687,1:12:19.897,2 הקפות
28,202,אסף אדום,2,35:24.353,1:16:43.409,2 הקפות
29,921,יניב אלקיים,1,-,1:08:45.946,3 הקפות
נפסל - DSQ
,176,יוני ויסמן,3,31:43.965,1:30:18.215,1 הקפה
,888,מיכאל יפרח,2,17:07.355,41:41.253,2 הקפות
לא סיים - DNF
,10,אליסף פרשטנד,2,30:25.411,53:14.514,2 הקפות
,68,יובל לוי,1,-,28:58.617,3 הקפות
,506,משה הורביץ,1,-,41:39.148,3 הקפות
הקפה מהירה: (531) אושרי פלח - 16:19.044
סניורים
מקום,מספר,שם,הקפות,הקפה מהירה,זמן,פער
1,125,רונן מדיאל,6,14:28.234,1:31:08.777,-
2,28,צחי בני,6,15:04.884,1:32:37.983,1:29.206
3,750,איציק קלנר,6,15:09.335,1:34:44.606,3:35.829
4,745,שאולי חמו,6,15:09.370,1:34:58.315,3:49.538
5,930,יעקב כהן,6,15:58.856,1:38:29.934,7:21.157
6,72,רמי צמח,6,15:23.456,1:39:33.655,8:24.878
7,909,אודי לפיד,6,15:53.237,1:39:48.864,8:40.087
8,71,ברק דודאי,6,15:32.720,1:41:02.949,9:54.172
9,403,רונן כהן,6,15:47.980,1:42:45.046,11:36.269
10,519,דרור כהן,5,17:10.277,1:33:04.575,1 הקפה
11,136,מיכאל ניזרי,5,17:33.382,1:35:33.247,1 הקפה
12,46,שגיא שוורץ,5,17:46.411,1:36:18.207,1 הקפה
13,317,ארז זנברג,5,17:55.891,1:41:49.202,1 הקפה
14,121,אוריה כרמלי,4,14:33.104,1:30:00.545,2 הקפות
לא סיים - DNF
,276,ארלה כץ,2,17:41.229,39:12.804,4 הקפות
,501,עופר בנימין,2,26:16.874,54:28.423,4 הקפות
הקפה מהירה: (125) רונן מדיאל - 14:28.234
מהלך המירוץ
מקום,הקפה 1,הקפה 2,הקפה 3,הקפה 4,הקפה 5,הקפה 6,הקפה 7,הקפה 8,הקפה 9,הקפה 10
1,5,5,25,25,25,25,25,25,25,25
2,25,25,5,5,5,5,5,5,5,5
3,8,8,8,8,8,22,8,22,22,
4,47,47,22,22,22,8,22,8,8,
5,9,22,61,61,61,61,61,61,88,
6,2,2,2,88,88,2,2,88,61,
7,61,61,88,2,2,88,88,2,2,
8,22,88,3,3,3,3,3,3,3,
9,88,9,9,9,515,515,518,4,4,
10,355,3,125,515,9,518,4,84,84,
11,125,125,518,518,518,4,515,94,94,
12,750,518,515,125,4,84,84,9,355,
13,3,121,4,4,84,9,94,355,9,
14,28,515,355,355,94,94,9,6,,
15,121,4,28,84,125,355,355,47,,
16,49,28,84,94,355,125,6,217,,
17,518,355,94,28,28,28,217,30,,
18,930,750,750,750,217,212,47,,,
19,745,49,121,217,212,217,30,,,
20,515,745,745,745,6,6,146,,,
21,4,217,217,212,517,517,49,,,
22,72,84,212,6,745,30,85,,,
23,117,930,14,517,30,47,39,,,
24,6,94,6,117,750,750,,,,
25,217,14,517,30,111,745,,,,
26,909,6,117,111,117,111,,,,
27,71,212,30,930,47,117,,,,
28,403,909,930,47,175,175,,,,
29,84,517,111,175,930,95,,,,
30,14,117,47,85,95,930,,,,
31,44,111,49,49,85,79,,,,
32,94,818,818,103,103,103,,,,
33,212,30,85,95,49,72,,,,
34,517,71,909,909,800,909,,,,
35,818,72,103,800,79,123,,,,
36,30,85,175,123,909,800,,,,
37,79,79,95,79,123,71,,,,
38,111,103,79,72,72,304,,,,
39,519,800,72,818,818,85,,,,
40,175,95,123,71,71,49,,,,
41,85,175,403,403,304,403,,,,
42,103,44,71,33,146,64,,,,
43,39,123,800,300,403,146,,,,
44,95,403,300,64,300,818,,,,
45,317,33,33,21,64,512,,,,
46,800,300,64,304,512,300,,,,
47,300,64,146,146,20,39,,,,
48,123,39,21,39,201,,,,,
49,46,146,304,512,39,,,,,
50,146,519,39,201,315,,,,,
51,33,21,512,20,63,,,,,
52,512,46,46,63,444,,,,,
53,64,669,669,26,519,,,,,
54,136,512,63,42,26,,,,,
55,669,90,20,65,65,,,,,
56,26,42,201,90,42,,,,,
57,90,136,519,700,136,,,,,
58,20,304,136,519,104,,,,,
59,21,63,26,315,46,,,,,
60,276,20,42,1,669,,,,,
61,508,276,90,444,45,,,,,
62,42,26,700,46,101,,,,,
63,63,700,101,136,317,,,,,
64,101,201,1,101,530,,,,,
65,70,1,317,669,,,,,,
66,108,317,65,531,,,,,,
67,304,101,444,104,,,,,,
68,10,505,315,45,,,,,,
69,201,315,104,505,,,,,,
70,700,444,531,317,,,,,,
71,1,888,13,530,,,,,,
72,505,104,45,121,,,,,,
73,13,13,505,253,,,,,,
74,530,65,89,169,,,,,,
75,444,530,530,229,,,,,,
76,888,45,509,602,,,,,,
77,104,531,305,14,,,,,,
78,89,89,50,,,,,,,
79,65,305,600,,,,,,,
80,176,509,912,,,,,,,
81,507,314,314,,,,,,,
82,169,50,114,,,,,,,
83,315,912,102,,,,,,,
84,305,114,169,,,,,,,
85,45,600,253,,,,,,,
86,314,169,150,,,,,,,
87,531,102,213,,,,,,,
88,509,213,507,,,,,,,
89,50,500,722,,,,,,,
90,501,10,313,,,,,,,
91,912,253,500,,,,,,,
92,114,501,911,,,,,,,
93,68,313,229,,,,,,,
94,511,511,511,,,,,,,
95,102,150,602,,,,,,,
96,213,722,221,,,,,,,
97,500,507,176,,,,,,,
98,600,602,230,,,,,,,
99,222,221,,,,,,,,
100,229,911,,,,,,,,
101,602,176,,,,,,,,
102,196,229,,,,,,,,
103,722,81,,,,,,,,
104,150,108,,,,,,,,
105,221,196,,,,,,,,
106,911,510,,,,,,,,
107,313,230,,,,,,,,
108,510,41,,,,,,,,
109,253,244,,,,,,,,
110,81,202,,,,,,,,
111,230,222,,,,,,,,
112,244,,,,,,,,,
113,202,,,,,,,,,
114,506,,,,,,,,,
115,41,,,,,,,,,
116,921,,,,,,,,,
117,82,,,,,,,,,
ג'וניורס מתחילים
מקום,מספר,שם,הקפות,הקפה מהירה,עונשין,זמן,פער
1,40,רז עידן,9,6:56.919,-,1:04:18.597,-
2,10,בועז סאסי,9,7:13.195,-,1:07:43.972,3:25.375
3,460,ענבר זלנגר,8,7:30.432,-,1:02:04.757,1 הקפה
4,137,שחר שי,8,7:44.404,-,1:08:35.986,1 הקפה
5,66,אור זרקו,8,7:48.273,-,P 1:08:58.362,1 הקפה
6,8,שקד כהן,7,8:11.438,-,1:02:00.296,2 הקפות
7,24,איתמר אוזון,7,8:31.564,-,1:05:03.004,2 הקפות
8,77,ארז מלמן,6,8:40.214,-,1:01:15.068,3 הקפות
9,115,מעיין עוזיאל,6,9:53.656,-,1:09:37.780,3 הקפות
10,514,דרור אדיר,6,10:13.134,-,1:09:46.231,3 הקפות
11,119,ניב הימן,4,13:45.313,-,1:08:33.152,5 הקפות
12,210,איתי ברזין,4,15:25.199,-,1:19:28.509,5 הקפות
לא סיים - DNF
,44,ניב סבן,2,7:24.141,-,14:46.085,7 הקפות
הקפה מהירה: (40) רז עידן - 6:56.919
סופר ג'וניורס
מקום,מספר,שם,הקפות,הקפה מהירה,עונשין,זמן,פער
1,1,בן אלמגור,8,7:27.361,-,1:04:03.566,-
2,27,אופיר קייסי צמח,7,7:38.387,-,1:02:55.149,1 הקפה
3,517,רן שמאי,6,8:59.003,-,1:06:15.157,2 הקפות
4,3,עומרי בנימין,5,10:06.305,-,1:07:48.137,3 הקפות
הקפה מהירה: (1) בן אלמגור - 7:27.361
סופר ג'וניורס מתחילים
מקום,מספר,שם,הקפות,הקפה מהירה,עונשין,זמן,פער
1,109,איתי וינברג,13,2:46.532,10.000,P 40:30.788,-
2,888,יותם עוזיאל,13,2:49.067,-,40:32.566,1.778
3,48,שי אשכנזי,12,3:04.467,-,41:41.642,1 הקפה
4,7,נדב ברדה,11,3:05.818,-,41:16.124,2 הקפות
5,4,יריב נתנוב,10,3:23.892,-,40:24.535,3 הקפות
6,5,רועי סבג,9,3:36.633,-,41:15.440,4 הקפות
הקפה מהירה: (109) איתי וינברג - 2:46.532
מהלך המירוץ
מקום,הקפה 1,הקפה 2,הקפה 3,הקפה 4,הקפה 5,הקפה 6,הקפה 7,הקפה 8,הקפה 9,הקפה 10,הקפה 11,הקפה 12,הקפה 13
1,888,888,109,109,109,109,109,109,109,109,109,109,109
2,109,109,888,888,888,888,888,888,888,888,888,888,888
3,7,7,7,7,7,7,7,7,7,48,48,48,
4,48,5,48,48,48,48,48,48,48,7,7,,
5,5,48,4,4,4,4,4,4,4,4,,,
6,4,4,5,5,5,5,5,5,5,,,,
7,40,40,40,40,40,40,40,40,40,,,,
8,44,44,10,10,10,10,10,10,10,,,,
9,460,10,460,460,460,460,460,460,,,,,
10,10,460,1,66,66,1,1,1,,,,,
11,66,66,137,137,137,27,137,137,,,,,
12,1,1,66,1,1,137,66,66,,,,,
13,27,27,27,27,27,66,8,,,,,,
14,137,137,8,8,8,8,27,,,,,,
15,24,24,24,24,24,24,24,,,,,,
16,77,8,77,77,77,77,,,,,,,
17,8,77,514,517,517,517,,,,,,,
18,514,514,517,514,115,115,,,,,,,
19,3,517,3,3,514,514,,,,,,,
20,115,3,115,115,3,,,,,,,,
21,517,115,210,119,,,,,,,,,
22,210,210,119,210,,,,,,,,,
23,119,119,,,,,,,,,,,
